name	source
acid green	xkcd
adobe	xkcd
algae	xkcd
algae green	xkcd
alice blue	css
almost black	xkcd
amber	xkcd
amethyst	xkcd
antique white	css
apple	xkcd
apple green	xkcd
apricot	xkcd
aqua	xkcd+css
aqua blue	xkcd
aqua green	xkcd
aqua marine	xkcd
aquamarine	xkcd+css
army green	xkcd
asparagus	xkcd
aubergine	xkcd
auburn	xkcd
avocado	xkcd
avocado green	xkcd
azul	xkcd
azure	xkcd+css
banana	xkcd
banana yellow	xkcd
barbie pink	xkcd
barney	xkcd
barney purple	xkcd
battleship grey	xkcd
beige	xkcd+css
berry	xkcd
bisque	css
black	xkcd+css
blanched almond	css
bland	xkcd
blood	xkcd
blood orange	xkcd
blood red	xkcd
blue	xkcd+css
blue blue	xkcd
blue green	xkcd
blue grey	xkcd
blue purple	xkcd
blue violet	xkcd+css
blue with a hint of purple	xkcd
blueberry	xkcd
bluegreen	xkcd
bluegrey	xkcd
bluey green	xkcd
bluey grey	xkcd
bluey purple	xkcd
bluish	xkcd
bluish green	xkcd
bluish grey	xkcd
bluish purple	xkcd
blurple	xkcd
blush	xkcd
blush pink	xkcd
bordeaux	xkcd
boring green	xkcd
bottle green	xkcd
brick	xkcd
brick orange	xkcd
brick red	xkcd
bright aqua	xkcd
bright blue	xkcd
bright cyan	xkcd
bright green	xkcd
bright lavender	xkcd
bright light blue	xkcd
bright light green	xkcd
bright lilac	xkcd
bright lime	xkcd
bright lime green	xkcd
bright magenta	xkcd
bright olive	xkcd
bright orange	xkcd
bright pink	xkcd
bright purple	xkcd
bright red	xkcd
bright sea green	xkcd
bright sky blue	xkcd
bright teal	xkcd
bright turquoise	xkcd
bright violet	xkcd
bright yellow	xkcd
bright yellow green	xkcd
british racing green	xkcd
bronze	xkcd
brown	xkcd+css
brown green	xkcd
brown grey	xkcd
brown orange	xkcd
brown red	xkcd
brown yellow	xkcd
brownish	xkcd
brownish green	xkcd
brownish grey	xkcd
brownish orange	xkcd
brownish pink	xkcd
brownish purple	xkcd
brownish red	xkcd
brownish yellow	xkcd
browny green	xkcd
browny orange	xkcd
bruise	xkcd
bubble gum pink	xkcd
bubblegum	xkcd
bubblegum pink	xkcd
buff	xkcd
burgundy	xkcd
burlywood	css
burnt orange	xkcd
burnt red	xkcd
burnt siena	xkcd
burnt sienna	xkcd
burnt umber	xkcd
burnt yellow	xkcd
burple	xkcd
butter	xkcd
butter yellow	xkcd
butterscotch	xkcd
cadet blue	xkcd+css
camel	xkcd
camo	xkcd
camo green	xkcd
camouflage green	xkcd
canary	xkcd
canary yellow	xkcd
candy pink	xkcd
caramel	xkcd
carmine	xkcd
carnation	xkcd
carnation pink	xkcd
carolina blue	xkcd
celadon	xkcd
celery	xkcd
cement	xkcd
cerise	xkcd
cerulean	xkcd
cerulean blue	xkcd
charcoal	xkcd
charcoal grey	xkcd
chartreuse	xkcd+css
cherry	xkcd
cherry red	xkcd
chestnut	xkcd
chocolate	xkcd+css
chocolate brown	xkcd
cinnamon	xkcd
claret	xkcd
clay	xkcd
clay brown	xkcd
clear blue	xkcd
cloudy blue	xkcd
cobalt	xkcd
cobalt blue	xkcd
cocoa	xkcd
coffee	xkcd
cool blue	xkcd
cool green	xkcd
cool grey	xkcd
copper	xkcd
coral	xkcd+css
coral pink	xkcd
cornflower	xkcd
cornflower blue	xkcd+css
cornsilk	css
cranberry	xkcd
cream	xkcd
creme	xkcd
crimson	xkcd+css
custard	xkcd
cyan	xkcd+css
dandelion	xkcd
dark	xkcd
dark aqua	xkcd
dark aquamarine	xkcd
dark beige	xkcd
dark blue	xkcd+css
dark blue green	xkcd
dark blue grey	xkcd
dark brown	xkcd
dark coral	xkcd
dark cream	xkcd
dark cyan	xkcd+css
dark forest green	xkcd
dark fuchsia	xkcd
dark gold	xkcd
dark goldenrod	css
dark grass green	xkcd
dark gray	css
dark green	xkcd+css
dark green blue	xkcd
dark grey	xkcd+css
dark grey blue	xkcd
dark hot pink	xkcd
dark indigo	xkcd
dark khaki	xkcd+css
dark lavender	xkcd
dark lilac	xkcd
dark lime	xkcd
dark lime green	xkcd
dark magenta	xkcd+css
dark maroon	xkcd
dark mauve	xkcd
dark mint	xkcd
dark mint green	xkcd
dark mustard	xkcd
dark navy	xkcd
dark navy blue	xkcd
dark olive	xkcd
dark olive green	xkcd+css
dark orange	xkcd+css
dark orchid	css
dark pastel green	xkcd
dark peach	xkcd
dark periwinkle	xkcd
dark pink	xkcd
dark plum	xkcd
dark purple	xkcd
dark red	xkcd+css
dark rose	xkcd
dark royal blue	xkcd
dark sage	xkcd
dark salmon	xkcd+css
dark sand	xkcd
dark sea green	xkcd+css
dark seafoam	xkcd
dark seafoam green	xkcd
dark sky blue	xkcd
dark slate blue	xkcd+css
dark slate gray	css
dark slate grey	css
dark tan	xkcd
dark taupe	xkcd
dark teal	xkcd
dark turquoise	xkcd+css
dark violet	xkcd+css
dark yellow	xkcd
dark yellow green	xkcd
darkblue	xkcd
darkgreen	xkcd
darkish blue	xkcd
darkish green	xkcd
darkish pink	xkcd
darkish purple	xkcd
darkish red	xkcd
deep aqua	xkcd
deep blue	xkcd
deep brown	xkcd
deep green	xkcd
deep lavender	xkcd
deep lilac	xkcd
deep magenta	xkcd
deep orange	xkcd
deep pink	xkcd+css
deep purple	xkcd
deep red	xkcd
deep rose	xkcd
deep sea blue	xkcd
deep sky blue	xkcd+css
deep teal	xkcd
deep turquoise	xkcd
deep violet	xkcd
denim	xkcd
denim blue	xkcd
desert	xkcd
dim gray	css
dim grey	css
dirt	xkcd
dirt brown	xkcd
dirty blue	xkcd
dirty green	xkcd
dirty orange	xkcd
dirty pink	xkcd
dirty purple	xkcd
dirty yellow	xkcd
dodger blue	xkcd+css
drab	xkcd
drab green	xkcd
dried blood	xkcd
duck egg blue	xkcd
dull blue	xkcd
dull brown	xkcd
dull green	xkcd
dull orange	xkcd
dull pink	xkcd
dull purple	xkcd
dull red	xkcd
dull teal	xkcd
dull yellow	xkcd
dusk	xkcd
dusk blue	xkcd
dusky blue	xkcd
dusky pink	xkcd
dusky purple	xkcd
dusky rose	xkcd
dust	xkcd
dusty blue	xkcd
dusty green	xkcd
dusty lavender	xkcd
dusty orange	xkcd
dusty pink	xkcd
dusty purple	xkcd
dusty red	xkcd
dusty rose	xkcd
dusty teal	xkcd
earth	xkcd
easter green	xkcd
easter purple	xkcd
ecru	xkcd
egg shell	xkcd
eggplant	xkcd
eggplant purple	xkcd
eggshell	xkcd
eggshell blue	xkcd
electric blue	xkcd
electric green	xkcd
electric lime	xkcd
electric pink	xkcd
electric purple	xkcd
emerald	xkcd
emerald green	xkcd
evergreen	xkcd
faded blue	xkcd
faded green	xkcd
faded orange	xkcd
faded pink	xkcd
faded purple	xkcd
faded red	xkcd
faded yellow	xkcd
fawn	xkcd
fern	xkcd
fern green	xkcd
fire engine red	xkcd
firebrick	css
flat blue	xkcd
flat green	xkcd
floral white	css
fluorescent green	xkcd
fluro green	xkcd
foam green	xkcd
forest	xkcd
forest green	xkcd+css
forrest green	xkcd
french blue	xkcd
fresh green	xkcd
frog green	xkcd
fuchsia	xkcd+css
gainsboro	css
ghost white	css
gold	xkcd+css
golden	xkcd
golden brown	xkcd
golden rod	xkcd
golden yellow	xkcd
goldenrod	xkcd+css
grape	xkcd
grape purple	xkcd
grapefruit	xkcd
grass	xkcd
grass green	xkcd
grassy green	xkcd
gray	css
green	xkcd+css
green apple	xkcd
green blue	xkcd
green brown	xkcd
green grey	xkcd
green teal	xkcd
green yellow	xkcd+css
greenblue	xkcd
greenish	xkcd
greenish beige	xkcd
greenish blue	xkcd
greenish brown	xkcd
greenish cyan	xkcd
greenish grey	xkcd
greenish tan	xkcd
greenish teal	xkcd
greenish turquoise	xkcd
greenish yellow	xkcd
greeny blue	xkcd
greeny brown	xkcd
greeny grey	xkcd
greeny yellow	xkcd
grey	xkcd+css
grey blue	xkcd
grey brown	xkcd
grey green	xkcd
grey pink	xkcd
grey purple	xkcd
grey teal	xkcd
greyblue	xkcd
greyish	xkcd
greyish blue	xkcd
greyish brown	xkcd
greyish green	xkcd
greyish pink	xkcd
greyish purple	xkcd
greyish teal	xkcd
gross green	xkcd
gunmetal	xkcd
hazel	xkcd
heather	xkcd
heliotrope	xkcd
highlighter green	xkcd
honeydew	css
hospital green	xkcd
hot green	xkcd
hot magenta	xkcd
hot pink	xkcd+css
hot purple	xkcd
hunter green	xkcd
ice	xkcd
ice blue	xkcd
icky green	xkcd
indian red	xkcd+css
indigo	xkcd+css
indigo blue	xkcd
iris	xkcd
irish green	xkcd
ivory	xkcd+css
jade	xkcd
jade green	xkcd
jungle green	xkcd
kelley green	xkcd
kelly green	xkcd
kermit green	xkcd
key lime	xkcd
khaki	xkcd+css
khaki green	xkcd
kiwi	xkcd
kiwi green	xkcd
lavender	xkcd+css
lavender blue	xkcd
lavender blush	css
lavender pink	xkcd
lawn green	xkcd+css
leaf	xkcd
leaf green	xkcd
leafy green	xkcd
leather	xkcd
lemon	xkcd
lemon chiffon	css
lemon green	xkcd
lemon lime	xkcd
lemon yellow	xkcd
lichen	xkcd
light aqua	xkcd
light aquamarine	xkcd
light beige	xkcd
light blue	xkcd+css
light blue green	xkcd
light blue grey	xkcd
light bluish green	xkcd
light bright green	xkcd
light brown	xkcd
light burgundy	xkcd
light coral	css
light cyan	xkcd+css
light eggplant	xkcd
light forest green	xkcd
light gold	xkcd
light goldenrod yellow	css
light grass green	xkcd
light gray	css
light green	xkcd+css
light green blue	xkcd
light greenish blue	xkcd
light grey	xkcd+css
light grey blue	xkcd
light grey green	xkcd
light indigo	xkcd
light khaki	xkcd
light lavendar	xkcd
light lavender	xkcd
light light blue	xkcd
light light green	xkcd
light lilac	xkcd
light lime	xkcd
light lime green	xkcd
light magenta	xkcd
light maroon	xkcd
light mauve	xkcd
light mint	xkcd
light mint green	xkcd
light moss green	xkcd
light mustard	xkcd
light navy	xkcd
light navy blue	xkcd
light neon green	xkcd
light olive	xkcd
light olive green	xkcd
light orange	xkcd
light pastel green	xkcd
light pea green	xkcd
light peach	xkcd
light periwinkle	xkcd
light pink	xkcd+css
light plum	xkcd
light purple	xkcd
light red	xkcd
light rose	xkcd
light royal blue	xkcd
light sage	xkcd
light salmon	xkcd+css
light sea green	xkcd+css
light seafoam	xkcd
light seafoam green	xkcd
light sky blue	xkcd+css
light slate gray	css
light slate grey	css
light steel blue	css
light tan	xkcd
light teal	xkcd
light turquoise	xkcd
light urple	xkcd
light violet	xkcd
light yellow	xkcd+css
light yellow green	xkcd
light yellowish green	xkcd
lightblue	xkcd
lighter green	xkcd
lighter purple	xkcd
lightgreen	xkcd
lightish blue	xkcd
lightish green	xkcd
lightish purple	xkcd
lightish red	xkcd
lilac	xkcd
liliac	xkcd
lime	xkcd+css
lime green	xkcd+css
lime yellow	xkcd
linen	css
lipstick	xkcd
lipstick red	xkcd
macaroni and cheese	xkcd
magenta	xkcd+css
mahogany	xkcd
maize	xkcd
mango	xkcd
manilla	xkcd
marigold	xkcd
marine	xkcd
marine blue	xkcd
maroon	xkcd+css
mauve	xkcd
medium aquamarine	css
medium blue	xkcd+css
medium brown	xkcd
medium green	xkcd
medium grey	xkcd
medium orchid	css
medium pink	xkcd
medium purple	xkcd+css
medium sea green	css
medium slate blue	css
medium spring green	css
medium turquoise	css
medium violet red	css
melon	xkcd
merlot	xkcd
metallic blue	xkcd
mid blue	xkcd
mid green	xkcd
midnight	xkcd
midnight blue	xkcd+css
midnight purple	xkcd
military green	xkcd
milk chocolate	xkcd
mint	xkcd
mint cream	css
mint green	xkcd
minty green	xkcd
misty rose	css
moccasin	css
mocha	xkcd
moss	xkcd
moss green	xkcd
mossy green	xkcd
mud	xkcd
mud brown	xkcd
mud green	xkcd
muddy brown	xkcd
muddy green	xkcd
muddy yellow	xkcd
mulberry	xkcd
murky green	xkcd
mushroom	xkcd
mustard	xkcd
mustard brown	xkcd
mustard green	xkcd
mustard yellow	xkcd
muted blue	xkcd
muted green	xkcd
muted pink	xkcd
muted purple	xkcd
nasty green	xkcd
navajo white	css
navy	xkcd+css
navy blue	xkcd
navy green	xkcd
neon blue	xkcd
neon green	xkcd
neon pink	xkcd
neon purple	xkcd
neon red	xkcd
neon yellow	xkcd
nice blue	xkcd
night blue	xkcd
ocean	xkcd
ocean blue	xkcd
ocean green	xkcd
ocher	xkcd
ochre	xkcd
ocre	xkcd
off blue	xkcd
off green	xkcd
off white	xkcd
off yellow	xkcd
old lace	css
old pink	xkcd
old rose	xkcd
olive	xkcd+css
olive brown	xkcd
olive drab	xkcd+css
olive green	xkcd
olive yellow	xkcd
orange	xkcd+css
orange brown	xkcd
orange pink	xkcd
orange red	xkcd+css
orange yellow	xkcd
orangeish	xkcd
orangered	xkcd
orangey brown	xkcd
orangey red	xkcd
orangey yellow	xkcd
orangish	xkcd
orangish brown	xkcd
orangish red	xkcd
orchid	xkcd+css
pale	xkcd
pale aqua	xkcd
pale blue	xkcd
pale brown	xkcd
pale cyan	xkcd
pale gold	xkcd
pale goldenrod	css
pale green	xkcd+css
pale grey	xkcd
pale lavender	xkcd
pale light green	xkcd
pale lilac	xkcd
pale lime	xkcd
pale lime green	xkcd
pale magenta	xkcd
pale mauve	xkcd
pale olive	xkcd
pale olive green	xkcd
pale orange	xkcd
pale peach	xkcd
pale pink	xkcd
pale purple	xkcd
pale red	xkcd
pale rose	xkcd
pale salmon	xkcd
pale sky blue	xkcd
pale teal	xkcd
pale turquoise	xkcd+css
pale violet	xkcd
pale violet red	css
pale yellow	xkcd
papaya whip	css
parchment	xkcd
pastel blue	xkcd
pastel green	xkcd
pastel orange	xkcd
pastel pink	xkcd
pastel purple	xkcd
pastel red	xkcd
pastel yellow	xkcd
pea	xkcd
pea green	xkcd
pea soup	xkcd
pea soup green	xkcd
peach	xkcd
peach puff	css
peachy pink	xkcd
peacock blue	xkcd
pear	xkcd
periwinkle	xkcd
periwinkle blue	xkcd
perrywinkle	xkcd
peru	css
petrol	xkcd
pig pink	xkcd
pine	xkcd
pine green	xkcd
pink	xkcd+css
pink purple	xkcd
pink red	xkcd
pinkish	xkcd
pinkish brown	xkcd
pinkish grey	xkcd
pinkish orange	xkcd
pinkish purple	xkcd
pinkish red	xkcd
pinkish tan	xkcd
pinky	xkcd
pinky purple	xkcd
pinky red	xkcd
pistachio	xkcd
plum	xkcd+css
plum purple	xkcd
poison green	xkcd
powder blue	xkcd+css
powder pink	xkcd
primary blue	xkcd
prussian blue	xkcd
puce	xkcd
pumpkin	xkcd
pumpkin orange	xkcd
pure blue	xkcd
purple	xkcd+css
purple blue	xkcd
purple brown	xkcd
purple grey	xkcd
purple pink	xkcd
purple red	xkcd
purpleish	xkcd
purpleish blue	xkcd
purpleish pink	xkcd
purpley	xkcd
purpley blue	xkcd
purpley grey	xkcd
purpley pink	xkcd
purplish	xkcd
purplish blue	xkcd
purplish brown	xkcd
purplish grey	xkcd
purplish pink	xkcd
purplish red	xkcd
purply	xkcd
purply blue	xkcd
purply pink	xkcd
putty	xkcd
racing green	xkcd
radioactive green	xkcd
raspberry	xkcd
raw sienna	xkcd
raw umber	xkcd
really light blue	xkcd
rebecca purple	css
red	xkcd+css
red brown	xkcd
red orange	xkcd
red pink	xkcd
red purple	xkcd
red violet	xkcd
red wine	xkcd
reddish	xkcd
reddish brown	xkcd
reddish grey	xkcd
reddish orange	xkcd
reddish pink	xkcd
reddish purple	xkcd
reddy brown	xkcd
rich blue	xkcd
rich purple	xkcd
robin egg blue	xkcd
robin's egg	xkcd
robin's egg blue	xkcd
rosa	xkcd
rose	xkcd
rose pink	xkcd
rose red	xkcd
rosy brown	css
rosy pink	xkcd
rouge	xkcd
royal	xkcd
royal blue	xkcd+css
royal purple	xkcd
ruby	xkcd
russet	xkcd
rust	xkcd
rust brown	xkcd
rust orange	xkcd
rust red	xkcd
rusty orange	xkcd
rusty red	xkcd
saddle brown	css
saffron	xkcd
sage	xkcd
sage green	xkcd
salmon	xkcd+css
salmon pink	xkcd
sand	xkcd
sand brown	xkcd
sand yellow	xkcd
sandstone	xkcd
sandy	xkcd
sandy brown	xkcd+css
sandy yellow	xkcd
sap green	xkcd
sapphire	xkcd
scarlet	xkcd
sea	xkcd
sea blue	xkcd
sea green	xkcd+css
seafoam	xkcd
seafoam blue	xkcd
seafoam green	xkcd
seashell	css
seaweed	xkcd
seaweed green	xkcd
sepia	xkcd
shamrock	xkcd
shamrock green	xkcd
shocking pink	xkcd
sick green	xkcd
sickly green	xkcd
sickly yellow	xkcd
sienna	xkcd+css
silver	xkcd+css
sky	xkcd
sky blue	xkcd+css
slate	xkcd
slate blue	xkcd+css
slate gray	css
slate green	xkcd
slate grey	xkcd+css
slime green	xkcd
snow	css
soft blue	xkcd
soft green	xkcd
soft pink	xkcd
soft purple	xkcd
spearmint	xkcd
spring green	xkcd+css
spruce	xkcd
squash	xkcd
steel	xkcd
steel blue	xkcd+css
steel grey	xkcd
stone	xkcd
stormy blue	xkcd
straw	xkcd
strawberry	xkcd
strong blue	xkcd
strong pink	xkcd
sun yellow	xkcd
sunflower	xkcd
sunflower yellow	xkcd
sunny yellow	xkcd
sunshine yellow	xkcd
swamp	xkcd
swamp green	xkcd
tan	xkcd+css
tan brown	xkcd
tan green	xkcd
tangerine	xkcd
taupe	xkcd
tea	xkcd
tea green	xkcd
teal	xkcd+css
teal blue	xkcd
teal green	xkcd
tealish	xkcd
tealish green	xkcd
terra cotta	xkcd
terracota	xkcd
terracotta	xkcd
thistle	css
tiffany blue	xkcd
tomato	xkcd+css
tomato red	xkcd
topaz	xkcd
toupe	xkcd
toxic green	xkcd
tree green	xkcd
true blue	xkcd
true green	xkcd
turquoise	xkcd+css
turquoise blue	xkcd
turquoise green	xkcd
turtle green	xkcd
twilight	xkcd
twilight blue	xkcd
ultramarine	xkcd
ultramarine blue	xkcd
umber	xkcd
velvet	xkcd
vermillion	xkcd
very dark blue	xkcd
very dark brown	xkcd
very dark green	xkcd
very dark purple	xkcd
very light blue	xkcd
very light brown	xkcd
very light green	xkcd
very light pink	xkcd
very light purple	xkcd
very pale blue	xkcd
very pale green	xkcd
vibrant blue	xkcd
vibrant green	xkcd
vibrant purple	xkcd
violet	xkcd+css
violet blue	xkcd
violet pink	xkcd
violet red	xkcd
viridian	xkcd
vivid blue	xkcd
vivid green	xkcd
vivid purple	xkcd
warm blue	xkcd
warm brown	xkcd
warm grey	xkcd
warm pink	xkcd
warm purple	xkcd
washed out green	xkcd
water blue	xkcd
watermelon	xkcd
weird green	xkcd
wheat	xkcd+css
white	xkcd+css
white smoke	css
windows blue	xkcd
wine	xkcd
wine red	xkcd
wintergreen	xkcd
wisteria	xkcd
yellow	xkcd+css
yellow brown	xkcd
yellow green	xkcd+css
yellow ochre	xkcd
yellow orange	xkcd
yellow tan	xkcd
yellowgreen	xkcd
yellowish	xkcd
yellowish brown	xkcd
yellowish green	xkcd
yellowish orange	xkcd
yellowish tan	xkcd
yellowy brown	xkcd
yellowy green	xkcd
