family	category	popularity
Roboto	Sans Serif	2
Open Sans	Sans Serif	3
Google Sans	Sans Serif	4
Inter	Sans Serif	5
Montserrat	Sans Serif	6
Poppins	Sans Serif	8
Noto Sans JP	Sans Serif	9
Lato	Sans Serif	10
Arimo	Sans Serif	13
Roboto Condensed	Sans Serif	14
Roboto Mono	Monospace	16
Noto Sans	Sans Serif	17
Oswald	Sans Serif	18
DM Sans	Sans Serif	21
Raleway	Sans Serif	23
Playfair Display	Serif	24
Nunito	Sans Serif	25
Nunito Sans	Sans Serif	26
Rubik	Sans Serif	28
Roboto Slab	Serif	29
Archivo Black	Sans Serif	30
Outfit	Sans Serif	32
Manrope	Sans Serif	33
Ubuntu	Sans Serif	34
Merriweather	Serif	35
Kanit	Sans Serif	36
Noto Sans KR	Sans Serif	37
Work Sans	Sans Serif	38
Lora	Serif	39
Bebas Neue	Sans Serif	40
Plus Jakarta Sans	Sans Serif	41
Noto Sans TC	Sans Serif	42
Prompt	Sans Serif	43
PT Sans	Sans Serif	44
Bricolage Grotesque	Sans Serif	45
Figtree	Sans Serif	46
Mulish	Sans Serif	47
Black Ops One	Display	48
Saira	Sans Serif	49
Barlow	Sans Serif	50
Quicksand	Sans Serif	51
Archivo	Sans Serif	52
Source Sans 3	Sans Serif	53
Jost	Sans Serif	54
IBM Plex Sans	Sans Serif	55
JetBrains Mono	Monospace	56
Share Tech	Sans Serif	57
Smooch Sans	Sans Serif	58
Karla	Sans Serif	59
Space Grotesk	Sans Serif	60
Noto Serif	Serif	61
Fira Sans	Sans Serif	62
Titillium Web	Sans Serif	64
Fjalla One	Sans Serif	65
Libre Baskerville	Serif	66
Heebo	Sans Serif	67
Noto Color Emoji	Sans Serif	68
PT Serif	Serif	69
Cormorant Garamond	Serif	70
Noto Sans SC	Sans Serif	71
Lobster Two	Display	73
Google Sans Flex	Sans Serif	74
Inconsolata	Monospace	75
Barlow Condensed	Sans Serif	76
Noto Serif JP	Serif	78
Anton	Sans Serif	79
Libre Franklin	Sans Serif	80
Dancing Script	Handwriting	81
Fraunces	Serif	82
Instrument Serif	Serif	83
Alfa Slab One	Display	84
EB Garamond	Serif	85
Cairo	Sans Serif	86
Josefin Sans	Sans Serif	87
Inter Tight	Sans Serif	88
Changa One	Display	89
Mukta	Sans Serif	90
Lexend	Sans Serif	91
Public Sans	Sans Serif	92
Source Code Pro	Monospace	94
Sora	Sans Serif	96
IBM Plex Mono	Monospace	97
Roboto Flex	Sans Serif	98
Assistant	Sans Serif	99
Hind Siliguri	Sans Serif	100
Schibsted Grotesk	Sans Serif	101
Bitter	Serif	102
Nanum Gothic	Sans Serif	103
Noto Sans Khmer	Sans Serif	104
Orbitron	Sans Serif	106
Urbanist	Sans Serif	107
Lilita One	Display	108
Cabin	Sans Serif	109
Dosis	Sans Serif	110
Rajdhani	Sans Serif	111
Fredoka	Sans Serif	112
M PLUS Rounded 1c	Sans Serif	114
Noto Sans Telugu	Sans Serif	115
Exo 2	Sans Serif	116
Ramabhadra	Sans Serif	117
Red Hat Display	Sans Serif	118
Caveat	Handwriting	121
Bungee	Display	122
Tajawal	Sans Serif	123
DM Serif Display	Serif	124
Anek Telugu	Sans Serif	125
Oxygen	Sans Serif	126
Hind	Sans Serif	127
Merriweather Sans	Sans Serif	128
Geist	Sans Serif	129
Instrument Sans	Sans Serif	130
Source Serif 4	Serif	131
Crimson Text	Serif	132
Slabo 27px	Serif	134
Pacifico	Handwriting	135
Cinzel	Serif	136
Newsreader	Serif	137
Barlow Semi Condensed	Sans Serif	138
PT Sans Narrow	Sans Serif	139
Teko	Sans Serif	140
Gravitas One	Display	141
Lobster	Display	142
Arvo	Serif	143
Noto Sans Arabic	Sans Serif	144
Noto Sans Thai	Sans Serif	145
Overpass	Sans Serif	146
Comfortaa	Display	148
Abel	Sans Serif	149
Hanken Grotesk	Sans Serif	150
Chakra Petch	Sans Serif	151
Rethink Sans	Sans Serif	152
Asap	Sans Serif	153
M PLUS 1p	Sans Serif	154
Bodoni Moda	Serif	155
Play	Sans Serif	156
Saira Condensed	Sans Serif	157
Epilogue	Sans Serif	158
Alumni Sans	Sans Serif	159
Maven Pro	Sans Serif	160
Domine	Serif	162
Space Mono	Monospace	164
Zen Kaku Gothic New	Sans Serif	165
Lexend Deca	Sans Serif	166
Almarai	Sans Serif	167
Shadows Into Light	Handwriting	168
Geist Mono	Monospace	169
DM Mono	Monospace	170
ABeeZee	Sans Serif	171
Archivo Narrow	Sans Serif	173
Zilla Slab	Serif	174
Questrial	Sans Serif	175
Abril Fatface	Display	176
Be Vietnam Pro	Sans Serif	177
Marcellus	Serif	178
Albert Sans	Sans Serif	179
Noto Sans Tamil	Sans Serif	180
Exo	Sans Serif	181
Sofia Sans	Sans Serif	182
Onest	Sans Serif	183
Syne	Sans Serif	184
IBM Plex Sans Arabic	Sans Serif	185
Great Vibes	Handwriting	186
Varela Round	Sans Serif	187
Righteous	Display	188
Cormorant	Serif	189
Unbounded	Sans Serif	190
League Spartan	Sans Serif	191
Spectral	Serif	192
Noto Serif TC	Serif	193
Indie Flower	Handwriting	194
Crimson Pro	Serif	195
IBM Plex Serif	Serif	196
Noto Serif SC	Serif	197
Geologica	Sans Serif	198
Nanum Myeongjo	Serif	199
Atkinson Hyperlegible	Sans Serif	200
Satisfy	Handwriting	201
Press Start 2P	Display	202
Permanent Marker	Handwriting	203
Zen Maru Gothic	Sans Serif	204
Frank Ruhl Libre	Serif	205
Red Hat Text	Sans Serif	206
Baloo 2	Display	207
Courier Prime	Monospace	208
Amiri	Serif	209
Vollkorn	Serif	210
Noto Sans Devanagari	Sans Serif	211
Yellowtail	Handwriting	212
Roboto Serif	Serif	213
Noto Serif KR	Serif	214
Viga	Sans Serif	215
Faustina	Serif	216
Signika	Sans Serif	217
Russo One	Sans Serif	218
Alegreya Sans	Sans Serif	219
Noto Kufi Arabic	Sans Serif	220
LINE Seed JP	Sans Serif	221
Kalam	Handwriting	222
Sarabun	Sans Serif	223
Luckiest Guy	Display	224
Libre Barcode 39	Display	225
Literata	Serif	226
News Cycle	Sans Serif	227
DM Serif Text	Serif	228
Yanone Kaffeesatz	Sans Serif	229
Fira Sans Condensed	Sans Serif	231
Asap Condensed	Sans Serif	232
Catamaran	Sans Serif	233
Noto Naskh Arabic	Serif	234
Shippori Mincho	Serif	235
Cardo	Serif	236
Rowdies	Display	237
Sanchez	Serif	238
Hammersmith One	Sans Serif	239
Tinos	Serif	240
Noto Sans Display	Sans Serif	241
Changa	Sans Serif	242
Alata	Sans Serif	243
Readex Pro	Sans Serif	244
Chivo	Sans Serif	245
Playfair	Serif	246
Acme	Sans Serif	247
Prata	Serif	248
Montserrat Alternates	Sans Serif	249
Encode Sans	Sans Serif	250
Bree Serif	Serif	251
Antic Slab	Serif	252
Baskervville	Serif	253
Zeyada	Handwriting	254
Oleo Script	Display	255
Amatic SC	Handwriting	256
Aleo	Serif	257
Alegreya	Serif	258
Bangers	Display	259
Tenor Sans	Sans Serif	260
VT323	Monospace	261
Audiowide	Display	262
Monda	Sans Serif	263
Old Standard TT	Serif	264
Khand	Sans Serif	265
Special Elite	Display	266
Golos Text	Sans Serif	268
Courgette	Handwriting	269
Sawarabi Mincho	Serif	270
Patua One	Display	271
Kumbh Sans	Sans Serif	272
Sawarabi Gothic	Sans Serif	274
IBM Plex Sans Condensed	Sans Serif	275
Gothic A1	Sans Serif	276
Advent Pro	Sans Serif	277
Fira Code	Monospace	278
Cantarell	Sans Serif	279
Hind Madurai	Sans Serif	280
Libre Caslon Text	Serif	281
Lexend Giga	Sans Serif	282
Suez One	Serif	283
Kaushan Script	Handwriting	284
BIZ UDPGothic	Sans Serif	285
PT Sans Caption	Sans Serif	286
Oxanium	Display	287
Comic Neue	Handwriting	288
Share Tech Mono	Monospace	289
Patrick Hand	Handwriting	290
Titan One	Display	291
Noticia Text	Serif	292
Zen Old Mincho	Serif	293
Crete Round	Serif	294
Allura	Handwriting	295
Quantico	Sans Serif	296
Actor	Sans Serif	297
PT Mono	Monospace	298
Alexandria	Sans Serif	300
Sacramento	Handwriting	301
Sen	Sans Serif	302
Creepster	Display	303
Rubik Mono One	Sans Serif	304
Noto Sans Bengali	Sans Serif	305
Nanum Gothic Coding	Handwriting	306
Noto Sans Mono	Sans Serif	307
Philosopher	Sans Serif	308
Antonio	Sans Serif	309
Yantramanav	Sans Serif	310
Noto Nastaliq Urdu	Serif	311
Sofia Sans Condensed	Sans Serif	312
Chelsea Market	Display	313
Martel	Serif	314
Gruppo	Sans Serif	315
Commissioner	Sans Serif	316
Vazirmatn	Sans Serif	317
Passion One	Display	318
Rock Salt	Handwriting	319
Signika Negative	Sans Serif	320
League Gothic	Sans Serif	321
Francois One	Sans Serif	322
Josefin Slab	Serif	324
Damion	Handwriting	325
Jura	Sans Serif	326
Cutive Mono	Monospace	327
Delius	Handwriting	328
Paytone One	Sans Serif	329
Quattrocento	Serif	330
Rokkitt	Serif	331
M PLUS 1	Sans Serif	332
Forum	Display	333
Kosugi Maru	Sans Serif	334
Noto Sans Malayalam	Sans Serif	335
Unna	Serif	336
Mitr	Sans Serif	337
Gilda Display	Serif	338
Amaranth	Sans Serif	339
Andada Pro	Serif	340
Google Sans Code	Monospace	341
Encode Sans Condensed	Sans Serif	342
Didact Gothic	Sans Serif	343
STIX Two Text	Serif	344
Playfair Display SC	Serif	345
Neuton	Serif	346
Noto Sans HK	Sans Serif	347
Gloria Hallelujah	Handwriting	348
Krub	Sans Serif	349
Radio Canada	Sans Serif	350
Architects Daughter	Handwriting	351
Dela Gothic One	Display	352
Anek Latin	Sans Serif	353
Italianno	Handwriting	355
Pinyon Script	Handwriting	356
Berkshire Swash	Handwriting	357
Monoton	Display	359
Ubuntu Condensed	Sans Serif	360
Istok Web	Sans Serif	361
El Messiri	Sans Serif	362
Tangerine	Handwriting	363
Playball	Display	364
Hind Guntur	Sans Serif	365
Quattrocento Sans	Sans Serif	366
Bai Jamjuree	Sans Serif	367
Fugaz One	Display	368
Saira Semi Condensed	Sans Serif	369
Poiret One	Display	370
Chango	Display	371
Concert One	Display	372
Saira Extra Condensed	Sans Serif	373
Gabarito	Display	374
Alex Brush	Handwriting	375
Rammetto One	Display	376
Unica One	Display	377
Eater	Display	378
Yeseva One	Display	379
Pathway Gothic One	Sans Serif	380
Abhaya Libre	Serif	381
Homemade Apple	Handwriting	383
Biryani	Sans Serif	384
Gelasio	Serif	385
Staatliches	Display	386
Cookie	Handwriting	387
Cinzel Decorative	Display	389
Comic Relief	Display	390
Black Han Sans	Sans Serif	391
Lalezar	Sans Serif	392
Lustria	Serif	394
Noto Sans Hebrew	Sans Serif	396
Libre Bodoni	Serif	397
Volkhov	Serif	398
Ubuntu Sans	Sans Serif	399
Goldman	Display	400
Petrona	Serif	401
Cormorant Infant	Serif	402
Lusitana	Serif	403
GFS Didot	Serif	404
Merienda	Handwriting	405
Belleza	Sans Serif	406
Carlito	Sans Serif	408
Sorts Mill Goudy	Serif	409
Arsenal	Sans Serif	410
Caveat Brush	Handwriting	411
Vidaloka	Serif	412
Anonymous Pro	Monospace	413
Nanum Pen Script	Handwriting	414
Ubuntu Mono	Monospace	415
Parisienne	Handwriting	416
Radio Canada Big	Sans Serif	418
Reenie Beanie	Handwriting	419
Hind Vadodara	Sans Serif	420
Alice	Serif	421
Mona Sans	Sans Serif	422
Michroma	Sans Serif	423
Sriracha	Handwriting	424
Jua	Sans Serif	425
Syncopate	Sans Serif	426
IBM Plex Sans Thai	Sans Serif	427
Calistoga	Display	428
Blinker	Sans Serif	429
Fira Mono	Monospace	430
Georama	Sans Serif	431
Noto Serif Bengali	Serif	432
Host Grotesk	Sans Serif	433
REM	Sans Serif	434
Arapey	Serif	435
Cuprum	Sans Serif	436
Shippori Mincho B1	Serif	437
Handlee	Handwriting	438
Afacad	Sans Serif	439
Murecho	Sans Serif	440
Noto Serif Display	Serif	441
Fira Sans Extra Condensed	Sans Serif	442
Besley	Serif	444
Bad Script	Handwriting	445
Eczar	Serif	446
Julius Sans One	Sans Serif	447
Angkor	Display	448
Averia Serif Libre	Display	449
Lemonada	Display	450
Kaisei Decol	Serif	451
Varela	Sans Serif	452
Amita	Handwriting	453
Caprasimo	Display	454
Racing Sans One	Display	455
Pridi	Serif	456
Six Caps	Sans Serif	457
Sofia	Handwriting	458
Dongle	Sans Serif	459
Zen Kaku Gothic Antique	Sans Serif	460
Pragati Narrow	Sans Serif	462
Squada One	Display	463
Sofia Sans Extra Condensed	Sans Serif	464
Belanosima	Sans Serif	465
Cousine	Monospace	466
Mukta Malar	Sans Serif	467
Ropa Sans	Sans Serif	468
Special Gothic Expanded One	Sans Serif	469
Mada	Sans Serif	470
Rozha One	Serif	471
Nothing You Could Do	Handwriting	472
Skranji	Display	473
Mrs Saint Delafield	Handwriting	474
Anek Bangla	Sans Serif	476
Familjen Grotesk	Sans Serif	477
Funnel Sans	Sans Serif	478
Mandali	Sans Serif	479
Carter One	Display	480
M PLUS 2	Sans Serif	481
Reddit Sans	Sans Serif	482
Andika	Sans Serif	483
Economica	Sans Serif	485
Limelight	Display	486
Pirata One	Display	487
Reem Kufi	Sans Serif	488
Gudea	Sans Serif	490
Taviraj	Serif	491
Secular One	Sans Serif	493
Ultra	Serif	495
Shrikhand	Display	499
Akshar	Sans Serif	500
Hachi Maru Pop	Handwriting	501
Marck Script	Handwriting	502
Londrina Solid	Display	503
Bevan	Serif	504
Potta One	Display	505
Gochi Hand	Handwriting	506
Palanquin	Sans Serif	507
Slabo 13px	Serif	508
Doppio One	Sans Serif	509
Leckerli One	Handwriting	510
Alegreya Sans SC	Sans Serif	511
Mr Dafoe	Handwriting	512
Aboreto	Display	513
Atkinson Hyperlegible Next	Sans Serif	514
Italiana	Sans Serif	515
Red Hat Mono	Monospace	516
Palanquin Dark	Sans Serif	517
Noto Sans Meetei Mayek	Sans Serif	518
Days One	Sans Serif	519
Adamina	Serif	520
Pangolin	Handwriting	521
Ovo	Serif	522
Yrsa	Serif	523
Rye	Display	524
MuseoModerno	Display	525
Khula	Sans Serif	526
Wix Madefor Text	Sans Serif	527
Ms Madi	Handwriting	528
Tilt Warp	Display	529
Martel Sans	Sans Serif	530
Bowlby One SC	Display	532
Chewy	Display	533
Mate	Serif	534
Germania One	Display	535
Itim	Handwriting	536
Balsamiq Sans	Display	537
IBM Plex Sans JP	Sans Serif	538
Wix Madefor Display	Sans Serif	539
Parkinsans	Sans Serif	540
Coda	Display	541
Cabin Condensed	Sans Serif	544
Just Another Hand	Handwriting	545
UnifrakturMaguntia	Display	546
Yuji Mai	Serif	547
Kreon	Serif	548
Aldrich	Sans Serif	550
Charis SIL	Serif	551
Niramit	Sans Serif	552
Covered By Your Grace	Handwriting	553
Charm	Handwriting	554
Noto Sans Symbols	Sans Serif	555
IM Fell English	Serif	556
Noto Sans Gujarati	Sans Serif	557
Marcellus SC	Serif	558
Jersey 25	Display	559
Aclonica	Sans Serif	560
Ruda	Sans Serif	561
Sansita	Sans Serif	562
BenchNine	Sans Serif	563
Funnel Display	Display	564
Spline Sans	Sans Serif	565
Baloo Da 2	Display	566
Kiwi Maru	Serif	567
Fahkwang	Sans Serif	568
Noto Sans Sinhala	Sans Serif	569
Cedarville Cursive	Handwriting	570
Fustat	Sans Serif	571
Radley	Serif	572
Ma Shan Zheng	Handwriting	573
Tomorrow	Sans Serif	574
Anuphan	Sans Serif	575
Basic	Sans Serif	576
Pontano Sans	Sans Serif	577
Niconne	Handwriting	578
Stardos Stencil	Display	579
Qwitcher Grypen	Handwriting	580
Boogaloo	Display	581
Big Shoulders	Display	582
Afacad Flux	Sans Serif	583
Fredericka the Great	Display	584
K2D	Sans Serif	585
Cabin Sketch	Display	586
Noto Sans Myanmar	Sans Serif	587
Knewave	Display	588
Gloock	Serif	589
Electrolize	Sans Serif	590
Libre Barcode 128	Display	591
Allison	Handwriting	592
Vina Sans	Display	593
Rufina	Serif	594
Grandstander	Display	595
Geo	Sans Serif	596
Overpass Mono	Monospace	597
Krona One	Sans Serif	598
Cal Sans	Sans Serif	599
Tiro Bangla	Serif	600
Livvic	Sans Serif	601
Neucha	Handwriting	602
ZCOOL XiaoWei	Sans Serif	603
Do Hyeon	Sans Serif	604
Glory	Sans Serif	605
Libre Caslon Display	Serif	606
Inria Serif	Serif	607
Noto Sans Kannada	Sans Serif	608
Trirong	Serif	609
Spinnaker	Sans Serif	610
Sofia Sans Semi Condensed	Sans Serif	611
Nixie One	Display	612
La Belle Aurore	Handwriting	613
Bona Nova SC	Serif	614
Barriecito	Display	615
Pixelify Sans	Display	616
Noto Sans Georgian	Sans Serif	617
Judson	Serif	618
Shadows Into Light Two	Handwriting	619
Oooh Baby	Handwriting	621
Proza Libre	Sans Serif	622
Darker Grotesque	Sans Serif	623
Caudex	Serif	624
Antic Didone	Serif	625
Bowlby One	Display	626
Sarala	Sans Serif	627
Gantari	Sans Serif	628
Glegoo	Serif	629
Noto Sans Oriya	Sans Serif	630
Castoro	Serif	631
Sintony	Sans Serif	632
Playpen Sans	Handwriting	633
Podkova	Serif	634
Oranienbaum	Serif	635
Fragment Mono	Monospace	636
Caladea	Serif	637
Athiti	Sans Serif	638
Tektur	Display	639
Gowun Batang	Serif	640
MedievalSharp	Display	641
Averia Libre	Display	642
BIZ UDGothic	Sans Serif	643
Yatra One	Display	644
Laila	Serif	645
Elsie	Display	646
Arbutus Slab	Serif	647
Kosugi	Sans Serif	648
Noto Sans Gurmukhi	Sans Serif	649
Corben	Display	650
Cantata One	Serif	651
Kameron	Serif	652
DotGothic16	Sans Serif	653
Armata	Sans Serif	654
ZCOOL KuaiLe	Sans Serif	655
Hina Mincho	Serif	656
Lexend Exa	Sans Serif	657
Mali	Handwriting	659
Chonburi	Display	660
Ibarra Real Nova	Serif	661
Bentham	Serif	662
Metrophobic	Sans Serif	663
Style Script	Handwriting	664
Graduate	Serif	665
Fondamento	Handwriting	666
Bellefair	Serif	667
Candal	Sans Serif	668
PT Serif Caption	Serif	669
Seaweed Script	Display	670
ADLaM Display	Display	671
Cormorant Upright	Serif	672
Pathway Extreme	Sans Serif	674
Lateef	Serif	676
Ruslan Display	Display	677
Karma	Serif	678
Petit Formal Script	Handwriting	679
Gabriela	Serif	680
AR One Sans	Sans Serif	681
Brygada 1918	Serif	683
STIX Two Math	Serif	684
Pattaya	Sans Serif	685
Nova Square	Display	686
Silkscreen	Display	687
Mochiy Pop One	Sans Serif	688
Nanum Brush Script	Handwriting	689
BIZ UDPMincho	Serif	690
Enriqueta	Serif	691
Klee One	Handwriting	692
IBM Plex Sans KR	Sans Serif	693
Cormorant SC	Serif	694
Herr Von Muellerhoff	Handwriting	695
Goudy Bookletter 1911	Serif	696
Alegreya SC	Serif	697
IM Fell English SC	Serif	698
Rampart One	Display	699
Telex	Sans Serif	700
Chiron GoRound TC	Sans Serif	701
Lexend Zetta	Sans Serif	702
Azeret Mono	Monospace	703
Fjord One	Serif	705
Chivo Mono	Monospace	706
Alef	Sans Serif	707
TikTok Sans	Sans Serif	708
Tiro Devanagari Hindi	Serif	709
Halant	Serif	710
Spline Sans Mono	Monospace	711
Sedgwick Ave Display	Handwriting	712
Young Serif	Serif	713
Irish Grover	Display	714
Hepta Slab	Serif	715
Share	Sans Serif	716
Wallpoet	Display	717
Noto Serif Georgian	Serif	718
Nobile	Sans Serif	719
RocknRoll One	Sans Serif	720
Allerta Stencil	Sans Serif	721
Koulen	Display	722
Kelly Slab	Display	723
Mouse Memoirs	Sans Serif	724
Grenze Gotisch	Display	725
Metamorphous	Display	726
Poller One	Display	727
Inria Sans	Sans Serif	728
Rakkas	Display	729
Baloo Thambi 2	Display	730
DynaPuff	Display	731
Sigmar One	Display	732
Marmelad	Sans Serif	733
Grand Hotel	Handwriting	734
Dawning of a New Day	Handwriting	735
Poetsen One	Display	736
Monomaniac One	Sans Serif	737
Alatsi	Sans Serif	738
Lexend Peta	Sans Serif	739
Flow Circular	Display	740
Hahmlet	Serif	741
Cairo Play	Sans Serif	742
Annie Use Your Telescope	Handwriting	743
Trocchi	Serif	744
Schoolbell	Handwriting	745
Amiko	Sans Serif	746
Marvel	Sans Serif	747
BioRhyme	Serif	748
Markazi Text	Serif	749
Rouge Script	Handwriting	751
Calligraffitti	Handwriting	752
Anybody	Display	753
Rubik Doodle Shadow	Display	754
Baloo Bhai 2	Display	755
Average Sans	Sans Serif	756
Coming Soon	Handwriting	757
Yusei Magic	Sans Serif	758
Copse	Serif	759
Cormorant Unicase	Serif	760
Arizonia	Handwriting	761
Zen Dots	Display	762
Rosario	Sans Serif	763
Allerta	Sans Serif	764
Croissant One	Display	765
Monsieur La Doulaise	Handwriting	766
Zalando Sans Expanded	Sans Serif	767
Norican	Handwriting	768
Magra	Sans Serif	769
Rancho	Handwriting	770
Yuji Syuku	Serif	772
Overlock	Display	773
Noto Serif Devanagari	Serif	774
Sniglet	Display	775
Modern Antiqua	Display	777
Anton SC	Sans Serif	779
Turret Road	Display	780
Tilt Neon	Display	781
Noto Serif Khojki	Serif	782
Recursive	Sans Serif	783
Zalando Sans	Sans Serif	784
Kaisei Opti	Serif	785
Gowun Dodum	Sans Serif	786
Love Ya Like A Sister	Display	787
Oxygen Mono	Monospace	788
Bungee Inline	Display	789
Montagu Slab	Serif	790
Bayon	Sans Serif	791
Kristi	Handwriting	792
Lekton	Monospace	793
Libre Barcode 39 Text	Display	794
Fanwood Text	Serif	795
Syne Mono	Monospace	796
Corinthia	Handwriting	797
Almendra	Serif	798
Encode Sans Expanded	Sans Serif	799
Anek Devanagari	Sans Serif	800
Noto Sans Ol Chiki	Sans Serif	801
Mountains of Christmas	Display	802
Noto Emoji	Sans Serif	803
Waiting for the Sunrise	Handwriting	804
Bellota Text	Display	805
Baloo Bhaijaan 2	Display	806
Scheherazade New	Serif	807
Sansita Swashed	Display	808
Bungee Spice	Display	809
Scada	Sans Serif	810
Yesteryear	Handwriting	811
Akatab	Sans Serif	812
Aref Ruqaa	Serif	813
Voltaire	Sans Serif	814
Sometype Mono	Monospace	815
Zen Antique	Serif	816
Faster One	Display	817
Asul	Serif	818
Red Rose	Display	819
Bubblegum Sans	Display	820
Zen Kurenaido	Sans Serif	821
Abyssinica SIL	Serif	822
Kantumruy Pro	Sans Serif	823
ZCOOL QingKe HuangYou	Sans Serif	824
Kodchasan	Sans Serif	825
Original Surfer	Display	826
Gotu	Sans Serif	827
Maitree	Serif	828
Quintessential	Handwriting	829
Bungee Shade	Display	830
Slackey	Display	831
Fasthand	Display	833
Noto Serif Thai	Serif	835
Battambang	Display	836
Libertinus Serif	Serif	837
Shantell Sans	Display	838
Hedvig Letters Serif	Serif	839
B612 Mono	Monospace	840
Sarina	Display	841
Happy Monkey	Display	842
Agbalumo	Display	843
Over the Rainbow	Handwriting	844
Baloo Tamma 2	Display	845
MonteCarlo	Handwriting	846
Fauna One	Serif	847
Major Mono Display	Monospace	848
Meddon	Handwriting	849
Mukta Mahee	Sans Serif	850
Rambla	Sans Serif	851
Meow Script	Handwriting	852
Huninn	Sans Serif	853
Rubik Dirt	Display	854
Platypi	Serif	856
Crafty Girls	Handwriting	857
Boldonse	Display	858
Hanuman	Serif	859
Cambay	Sans Serif	860
Miriam Libre	Sans Serif	861
Megrim	Display	862
Rochester	Handwriting	863
Gurajada	Sans Serif	864
Encode Sans Semi Condensed	Sans Serif	865
IM Fell DW Pica	Serif	866
Oleo Script Swash Caps	Display	867
Martian Mono	Monospace	868
Piazzolla	Serif	869
Hurricane	Handwriting	870
Carrois Gothic	Sans Serif	871
Inclusive Sans	Sans Serif	872
Asar	Serif	873
Spectral SC	Serif	874
Birthstone	Handwriting	875
David Libre	Serif	876
Zalando Sans SemiExpanded	Sans Serif	877
Jomhuria	Display	878
Averia Sans Libre	Display	880
Coustard	Serif	881
Aguafina Script	Handwriting	882
Noto Sans Thai Looped	Sans Serif	883
Alike	Serif	884
Codystar	Display	885
IBM Plex Sans Hebrew	Sans Serif	886
Ephesis	Handwriting	887
Buenard	Serif	888
SUSE	Sans Serif	889
Cutive	Serif	890
Stick No Bills	Sans Serif	891
Zain	Sans Serif	892
Capriola	Sans Serif	893
Beth Ellen	Handwriting	894
Sunflower	Sans Serif	896
Gaegu	Handwriting	897
Contrail One	Display	898
KoHo	Sans Serif	899
Inknut Antiqua	Serif	900
Jockey One	Sans Serif	901
Xanh Mono	Monospace	902
Moon Dance	Handwriting	903
Average	Serif	904
Padauk	Sans Serif	905
Manjari	Sans Serif	906
Poly	Serif	907
Kurale	Serif	908
B612	Sans Serif	909
Vast Shadow	Serif	910
Coiny	Display	911
Walter Turncoat	Handwriting	912
Fontdiner Swanky	Display	913
Libertinus Math	Display	914
Mansalva	Handwriting	915
Allan	Display	916
Orienta	Sans Serif	917
Kadwa	Serif	918
Encode Sans Semi Expanded	Sans Serif	920
Nova Mono	Monospace	921
Sarpanch	Sans Serif	922
Tenali Ramakrishna	Sans Serif	923
Finger Paint	Display	924
Supermercado One	Display	925
Qwigley	Handwriting	926
Numans	Sans Serif	927
Square Peg	Handwriting	929
Bakbak One	Display	930
Arima	Display	931
Euphoria Script	Handwriting	932
Prosto One	Display	933
Amarante	Display	934
Libre Barcode 39 Extended	Display	935
Sue Ellen Francisco	Handwriting	936
Brawler	Serif	937
Reddit Sans Condensed	Sans Serif	938
Jaldi	Sans Serif	939
Sedgwick Ave	Handwriting	940
Balthazar	Serif	941
Teachers	Sans Serif	942
Quando	Serif	943
Noto Sans Symbols 2	Sans Serif	944
Vibur	Handwriting	945
Vesper Libre	Serif	946
Macondo	Display	947
Della Respira	Serif	948
Give You Glory	Handwriting	949
Montez	Handwriting	950
Trade Winds	Display	951
Lacquer	Display	952
Protest Revolution	Display	953
Road Rage	Display	954
Kalnia	Serif	955
Inder	Sans Serif	956
Rosarivo	Serif	957
Patrick Hand SC	Handwriting	958
Tienne	Serif	959
Rasa	Serif	960
Sulphur Point	Sans Serif	961
Vujahday Script	Handwriting	962
Ledger	Serif	963
Vollkorn SC	Serif	964
Metal Mania	Display	965
Zen Antique Soft	Serif	966
Prociono	Serif	967
Expletus Sans	Display	968
Ysabeau Office	Sans Serif	969
Noto Sans Warang Citi	Sans Serif	970
Nosifer	Display	971
IM Fell Double Pica	Serif	972
Fuzzy Bubbles	Handwriting	973
Oregano	Display	974
Cherry Cream Soda	Display	975
Mukta Vaani	Sans Serif	977
Fuggles	Handwriting	978
Mr De Haviland	Handwriting	979
Freehand	Display	980
Cherry Bomb One	Display	981
Noto Sans Armenian	Sans Serif	983
Nata Sans	Sans Serif	984
Puritan	Sans Serif	985
Kranky	Display	986
Reggae One	Display	987
Suranna	Serif	988
Pompiere	Display	989
Carattere	Handwriting	990
Special Gothic	Sans Serif	991
Darumadrop One	Display	992
Noto Sans Lao	Sans Serif	993
Gamja Flower	Handwriting	994
Federo	Sans Serif	995
Redressed	Handwriting	996
Mallanna	Sans Serif	997
Meie Script	Handwriting	999
Modak	Display	1000
Frijole	Display	1001
Aladin	Display	1002
Mirza	Serif	1003
Arya	Sans Serif	1004
Special Gothic Condensed One	Sans Serif	1005
Protest Strike	Display	1006
Artifika	Serif	1007
Gulzar	Serif	1008
UnifrakturCook	Display	1009
Unkempt	Display	1010
Julee	Handwriting	1011
Farro	Sans Serif	1012
Kufam	Sans Serif	1013
Life Savers	Display	1014
League Script	Handwriting	1015
BhuTuka Expanded One	Serif	1016
Rubik Glitch	Display	1017
New Rocker	Display	1018
Sansation	Sans Serif	1019
Sail	Display	1020
Shippori Antique	Sans Serif	1021
Port Lligat Sans	Sans Serif	1022
Alike Angular	Serif	1023
Bilbo Swash Caps	Handwriting	1024
Whisper	Handwriting	1025
Wire One	Sans Serif	1026
Borel	Handwriting	1027
Anta	Sans Serif	1028
Anaheim	Sans Serif	1029
IM Fell French Canon	Serif	1030
Bona Nova	Serif	1031
Qahiri	Sans Serif	1032
Freeman	Display	1033
Alan Sans	Sans Serif	1034
Molengo	Sans Serif	1035
Uncial Antiqua	Display	1036
Cambo	Serif	1037
Song Myung	Serif	1038
Bagel Fat One	Display	1039
Science Gothic	Sans Serif	1040
Zhi Mang Xing	Handwriting	1041
Kaisei Tokumin	Serif	1042
The Girl Next Door	Handwriting	1043
Iceberg	Display	1044
Mynerve	Handwriting	1045
Long Cang	Handwriting	1046
Aoboshi One	Serif	1047
Sunshiney	Handwriting	1048
Dynalight	Display	1049
Genos	Sans Serif	1050
Noto Sans Ethiopic	Sans Serif	1051
Madimi One	Sans Serif	1052
Bigshot One	Display	1053
Sour Gummy	Sans Serif	1054
Moul	Display	1055
Wendy One	Sans Serif	1056
Atomic Age	Display	1057
Jersey 10	Display	1058
McLaren	Display	1059
Charmonman	Handwriting	1060
Antic	Sans Serif	1061
Atma	Display	1062
WindSong	Handwriting	1063
Solway	Serif	1064
Fresca	Sans Serif	1065
Noto Sans Math	Sans Serif	1066
Thasadith	Sans Serif	1067
Mina	Sans Serif	1068
Orelega One	Display	1069
Galindo	Display	1070
Bitcount Single	Display	1072
Mako	Sans Serif	1073
Holtwood One SC	Serif	1074
M PLUS 1 Code	Monospace	1075
Goblin One	Display	1076
Grenze	Serif	1077
Lily Script One	Display	1078
Gentium Book Plus	Serif	1079
Just Me Again Down Here	Handwriting	1080
Gasoek One	Sans Serif	1081
Kdam Thmor Pro	Sans Serif	1082
IM Fell Great Primer	Serif	1083
Bodoni Moda SC	Serif	1084
Rubik Spray Paint	Display	1085
Nova Flat	Display	1086
Sumana	Serif	1087
Protest Riot	Display	1088
Amethysta	Serif	1089
Henny Penny	Display	1090
Monofett	Monospace	1091
Maiden Orange	Serif	1092
NTR	Sans Serif	1093
Shojumaru	Display	1094
Baloo Chettan 2	Display	1095
Nokora	Sans Serif	1096
Bonheur Royale	Handwriting	1097
Gugi	Display	1098
Anek Malayalam	Sans Serif	1099
Train One	Display	1100
Ysabeau SC	Sans Serif	1101
Viaoda Libre	Display	1102
Asta Sans	Sans Serif	1103
Mohave	Sans Serif	1104
Sancreek	Display	1105
Tiny5	Sans Serif	1106
Baumans	Display	1107
Libre Barcode 39 Extended Text	Display	1108
Truculenta	Sans Serif	1109
Bellota	Display	1110
Crushed	Display	1111
Delicious Handrawn	Handwriting	1112
Esteban	Serif	1113
Loved by the King	Handwriting	1114
Shanti	Sans Serif	1115
Bruno Ace	Display	1116
Sevillana	Display	1117
Raleway Dots	Display	1118
Manuale	Serif	1119
Phudu	Display	1120
Mea Culpa	Handwriting	1121
Gluten	Display	1122
Victor Mono	Monospace	1123
Salsa	Display	1124
Waterfall	Handwriting	1125
Eagle Lake	Handwriting	1126
Homenaje	Sans Serif	1127
Nova Round	Display	1128
Montaga	Serif	1129
Noto Sans Sundanese	Sans Serif	1130
Kablammo	Display	1131
Noto Sans Bhaiksuki	Sans Serif	1132
Mochiy Pop P One	Sans Serif	1133
Imbue	Serif	1134
Bitcount Grid Double	Display	1135
Imprima	Sans Serif	1136
Alkatra	Display	1137
Comme	Sans Serif	1138
Swanky and Moo Moo	Handwriting	1139
Rubik Bubbles	Display	1140
Denk One	Sans Serif	1141
BIZ UDMincho	Serif	1142
Odibee Sans	Display	1143
Galada	Display	1144
Clicker Script	Handwriting	1145
Faculty Glyphic	Sans Serif	1146
Doto	Sans Serif	1147
Convergence	Sans Serif	1148
Baloo Paaji 2	Display	1150
Scope One	Serif	1151
Gupter	Serif	1153
Licorice	Handwriting	1154
Smythe	Display	1155
Noto Serif HK	Serif	1156
Dokdo	Display	1157
Hi Melody	Handwriting	1158
Headland One	Serif	1159
Liu Jian Mao Cao	Handwriting	1160
Mooli	Sans Serif	1161
Macondo Swash Caps	Display	1162
Duru Sans	Sans Serif	1163
Harmattan	Sans Serif	1164
Short Stack	Handwriting	1165
Iceland	Display	1166
Moderustic	Sans Serif	1167
Alkalami	Serif	1168
Badeen Display	Display	1169
Geom	Sans Serif	1170
TASA Orbiter	Sans Serif	1171
Kavoon	Display	1172
Mozilla Headline	Sans Serif	1173
Birthstone Bounce	Handwriting	1174
Peralta	Serif	1175
Nova Oval	Display	1177
Edu TAS Beginner	Handwriting	1178
IM Fell DW Pica SC	Serif	1179
Baloo Tammudu 2	Display	1180
Delius Swash Caps	Handwriting	1181
Gafata	Sans Serif	1182
Karantina	Display	1183
Poltawski Nowy	Serif	1184
Jaro	Sans Serif	1185
Ribeye	Display	1186
IBM Plex Sans Thai Looped	Sans Serif	1187
Honk	Display	1188
Reddit Mono	Monospace	1189
Overlock SC	Display	1190
Lemon	Display	1191
The Nautigal	Handwriting	1192
Yomogi	Handwriting	1193
Stick	Sans Serif	1195
Bokor	Display	1196
Luxurious Script	Handwriting	1197
Kode Mono	Monospace	1198
Baskervville SC	Serif	1199
Emilys Candy	Display	1200
Asset	Display	1201
Chau Philomene One	Sans Serif	1202
Medula One	Display	1203
Kotta One	Serif	1204
Jomolhari	Serif	1205
Caesar Dressing	Display	1206
Anek Tamil	Sans Serif	1207
Nova Slim	Display	1208
Engagement	Handwriting	1209
Jolly Lodger	Display	1210
Momo Trust Sans	Sans Serif	1212
Beau Rivage	Handwriting	1214
Freckle Face	Display	1215
Voces	Sans Serif	1216
Dangrek	Display	1218
Khmer	Sans Serif	1219
Spicy Rice	Display	1220
Akronim	Display	1222
Chicle	Display	1223
Varta	Sans Serif	1224
Ranchers	Display	1225
Autour One	Display	1226
Londrina Outline	Display	1227
Delius Unicase	Handwriting	1228
Momo Trust Display	Sans Serif	1230
Carme	Sans Serif	1231
Dorsa	Sans Serif	1232
Imperial Script	Handwriting	1233
Edu SA Beginner	Handwriting	1234
Playwrite US Trad	Handwriting	1235
East Sea Dokdo	Handwriting	1236
Habibi	Serif	1237
Miniver	Display	1239
IM Fell Double Pica SC	Serif	1240
Margarine	Display	1241
Nerko One	Handwriting	1242
LXGW WenKai TC	Handwriting	1243
Belgrano	Serif	1244
Rationale	Sans Serif	1245
Mozilla Text	Sans Serif	1246
Kenia	Display	1247
Baloo Bhaina 2	Display	1248
Anek Kannada	Sans Serif	1249
Miltonian	Display	1250
Strait	Sans Serif	1251
Vampiro One	Display	1252
Libre Barcode 128 Text	Display	1253
Gemunu Libre	Sans Serif	1254
Stack Sans Text	Sans Serif	1255
Timmana	Sans Serif	1256
Girassol	Display	1257
Kapakana	Handwriting	1258
Cherry Swash	Display	1259
Kulim Park	Sans Serif	1260
Agdasima	Sans Serif	1261
Grape Nuts	Handwriting	1262
Amiri Quran	Serif	1263
Ruthie	Handwriting	1264
Redacted	Display	1265
Akaya Kanadaka	Display	1266
Ceviche One	Display	1267
Sigmar	Display	1268
Smooch	Handwriting	1270
Gayathri	Sans Serif	1271
IM Fell French Canon SC	Serif	1272
IM Fell Great Primer SC	Serif	1273
Hubot Sans	Sans Serif	1274
Nova Cut	Display	1275
Edu NSW ACT Cursive	Handwriting	1276
Lovers Quarrel	Handwriting	1277
Stint Ultra Condensed	Serif	1278
Astloch	Display	1279
Chocolate Classical Sans	Sans Serif	1280
Miltonian Tattoo	Display	1281
Cantora One	Sans Serif	1282
Ysabeau	Sans Serif	1283
Idiqlat	Serif	1284
Lavishly Yours	Handwriting	1285
Mystery Quest	Display	1286
Noto Sans Samaritan	Sans Serif	1287
Noto Serif Malayalam	Serif	1288
Trispace	Sans Serif	1289
Englebert	Sans Serif	1290
Donegal One	Serif	1291
Tiro Kannada	Serif	1292
Fenix	Serif	1293
Passions Conflict	Handwriting	1294
Yeon Sung	Display	1295
Hedvig Letters Sans	Sans Serif	1296
Mate SC	Serif	1299
Barrio	Display	1300
Kavivanar	Handwriting	1301
Gorditas	Display	1302
Cactus Classical Serif	Serif	1303
Smokum	Display	1304
Pavanam	Sans Serif	1305
Anek Gujarati	Sans Serif	1306
Water Brush	Handwriting	1307
Valley Sans	Sans Serif	1308
Stalemate	Handwriting	1309
Zilla Slab Highlight	Serif	1310
Nova Script	Display	1312
Tiro Devanagari Sanskrit	Serif	1313
Noto Sans Thaana	Sans Serif	1314
Stack Sans Headline	Sans Serif	1315
Akaya Telivigala	Display	1316
Elms Sans	Sans Serif	1317
Tauri	Sans Serif	1318
Sekuya	Display	1319
Libertinus Sans	Sans Serif	1320
Junge	Serif	1321
Griffy	Display	1322
Stylish	Sans Serif	1323
Katibeh	Display	1324
Unlock	Display	1325
Noto Sans Tagalog	Sans Serif	1326
Comforter	Handwriting	1327
Port Lligat Slab	Serif	1328
Gentium Plus	Serif	1330
Noto Serif Kannada	Serif	1331
Fascinate	Display	1332
Liter	Sans Serif	1333
Gwendolyn	Handwriting	1334
Underdog	Display	1335
Festive	Handwriting	1336
Sura	Serif	1337
Shippori Antique B1	Sans Serif	1338
Noto Serif Ahom	Serif	1339
Tillana	Display	1340
Cagliostro	Sans Serif	1341
Content	Display	1342
IBM Plex Sans Devanagari	Sans Serif	1343
Risque	Display	1344
Romanesco	Handwriting	1345
Srisakdi	Display	1347
Ballet	Handwriting	1348
Text Me One	Sans Serif	1349
Butterfly Kids	Handwriting	1350
Nabla	Display	1351
Noto Serif Tamil	Serif	1352
Carrois Gothic SC	Sans Serif	1353
Tac One	Sans Serif	1354
Lugrasimo	Handwriting	1355
Manufacturing Consent	Display	1356
Noto Sans Saurashtra	Sans Serif	1357
Averia Gruesa Libre	Display	1358
Zen Tokyo Zoo	Display	1359
Benne	Serif	1360
New Amsterdam	Sans Serif	1361
Jacques Francois	Serif	1362
Rubik Scribble	Display	1363
Paprika	Display	1364
Rum Raisin	Sans Serif	1365
Playwrite NO	Handwriting	1366
Noto Music	Sans Serif	1367
Notable	Sans Serif	1369
SN Pro	Sans Serif	1370
Suwannaphum	Serif	1371
Single Day	Display	1372
Bruno Ace SC	Display	1373
Jacquard 12	Display	1374
Solitreo	Handwriting	1375
Sono	Sans Serif	1376
Beiruti	Sans Serif	1377
Devonshire	Handwriting	1378
Braah One	Sans Serif	1379
Ruwudu	Serif	1380
Cute Font	Display	1381
Erica One	Display	1382
Kaisei HarunoUmi	Serif	1383
Noto Serif Telugu	Serif	1384
Geostar Fill	Display	1385
Sree Krushnadevaraya	Serif	1386
Noto Sans Buhid	Sans Serif	1387
Chathura	Sans Serif	1388
Jim Nightshade	Handwriting	1390
Emblema One	Display	1391
Siemreap	Sans Serif	1392
Dekko	Handwriting	1393
Island Moments	Handwriting	1394
Arbutus	Serif	1395
Montserrat Underline	Sans Serif	1396
Caramel	Handwriting	1397
Stoke	Serif	1400
Yaldevi	Sans Serif	1401
Stack Sans Notch	Sans Serif	1402
Story Script	Sans Serif	1403
Spirax	Display	1404
Marhey	Display	1405
Bilbo	Handwriting	1407
Yuji Boku	Serif	1408
Noto Serif Hebrew	Serif	1409
Playpen Sans Arabic	Handwriting	1410
Flamenco	Display	1412
Playwrite IN	Handwriting	1413
Handjet	Display	1414
Wittgenstein	Serif	1415
Playwrite IS	Handwriting	1416
National Park	Sans Serif	1417
Seymour One	Sans Serif	1418
Akt	Sans Serif	1419
Playwrite CU	Handwriting	1420
Sonsie One	Display	1422
Tourney	Display	1423
Milonga	Display	1424
Mogra	Display	1425
Keania One	Display	1427
Poor Story	Display	1428
Lexend Mega	Sans Serif	1429
Winky Sans	Sans Serif	1430
WDXL Lubrifont JP N	Sans Serif	1431
Orbit	Sans Serif	1432
Ravi Prakash	Display	1433
Ysabeau Infant	Sans Serif	1434
Rubik Moonrocks	Display	1435
Simonetta	Display	1436
Kite One	Sans Serif	1437
Noto Sans Gothic	Sans Serif	1438
Monomakh	Display	1439
Tiro Devanagari Marathi	Serif	1440
Joan	Serif	1441
Dai Banna SIL	Serif	1442
Playwrite VN	Handwriting	1444
Glass Antiqua	Display	1445
Encode Sans SC	Sans Serif	1446
Linden Hill	Serif	1447
Stint Ultra Expanded	Serif	1448
Ramaraja	Serif	1450
Atkinson Hyperlegible Mono	Sans Serif	1451
Ruluko	Sans Serif	1452
Noto Serif Armenian	Serif	1453
Climate Crisis	Display	1454
Texturina	Serif	1455
Inika	Serif	1456
Sahitya	Serif	1457
Rubik Wet Paint	Display	1458
Anek Odia	Sans Serif	1459
Noto Sans Canadian Aboriginal	Sans Serif	1460
Vend Sans	Sans Serif	1461
Koh Santepheap	Serif	1462
Ancizar Serif	Serif	1463
BBH Bartle	Sans Serif	1464
Playwrite DE Grund	Handwriting	1465
Ewert	Display	1466
Intel One Mono	Monospace	1467
Noto Sans Linear A	Sans Serif	1468
Odor Mean Chey	Serif	1469
Alumni Sans Pinstripe	Sans Serif	1470
Fascinate Inline	Display	1471
New Tegomin	Serif	1472
Offside	Display	1474
Tulpen One	Display	1475
Piedra	Display	1476
Chilanka	Handwriting	1477
Castoro Titling	Display	1478
Tilt Prism	Display	1479
Libre Barcode EAN13 Text	Display	1480
Nuosu SIL	Sans Serif	1481
Condiment	Handwriting	1482
Shalimar	Handwriting	1483
Noto Serif Lao	Serif	1484
Edu AU VIC WA NT Hand	Handwriting	1485
Bungee Hairline	Display	1486
Pliant	Sans Serif	1487
Bitcount Prop Single	Display	1489
Tiro Gurmukhi	Serif	1490
Bungee Tint	Display	1491
Big Shoulders Stencil	Display	1492
Elsie Swash Caps	Display	1493
Noto Serif Khmer	Serif	1494
My Soul	Handwriting	1495
Reem Kufi Fun	Sans Serif	1497
Plaster	Display	1499
Playwrite AU SA	Handwriting	1501
Almendra Display	Display	1502
Almendra SC	Serif	1503
Jacques Francois Shadow	Display	1504
Fleur De Leah	Handwriting	1505
Luxurious Roman	Display	1506
Diplomata	Display	1507
Comforter Brush	Handwriting	1508
Farsan	Display	1509
Jersey 15	Display	1510
Noto Sans Mende Kikakui	Sans Serif	1511
Marko One	Serif	1512
Babylonica	Handwriting	1513
Bubbler One	Sans Serif	1514
Sixtyfour	Monospace	1515
Alumni Sans Inline One	Display	1516
Noto Serif Tibetan	Serif	1517
Tiro Tamil	Serif	1518
Lexend Tera	Sans Serif	1519
Noto Sans Tai Viet	Sans Serif	1520
Purple Purse	Display	1521
Snippet	Sans Serif	1522
Fruktur	Display	1523
Joti One	Display	1525
LXGW WenKai Mono TC	Monospace	1526
Edu NSW ACT Foundation	Handwriting	1527
Kumar One	Display	1528
Sofadi One	Display	1529
Playwrite VN Guides	Handwriting	1530
Praise	Handwriting	1531
Vibes	Display	1532
Cossette Texte	Sans Serif	1533
Cascadia Code	Sans Serif	1534
Miss Fajardose	Handwriting	1535
Galdeano	Sans Serif	1536
Trykker	Serif	1537
Playwrite AU NSW	Handwriting	1538
Sirin Stencil	Display	1539
Londrina Shadow	Display	1540
Noto Serif Gujarati	Serif	1541
Bungee Outline	Display	1542
Alyamama	Serif	1543
Cossette Titre	Sans Serif	1545
Noto Sans Javanese	Sans Serif	1546
BBH Hegarty	Sans Serif	1547
Anek Gurmukhi	Sans Serif	1548
Noto Serif Sinhala	Serif	1549
Dhurjati	Sans Serif	1550
Meera Inimai	Sans Serif	1551
Jacquarda Bastarda 9	Display	1552
Federant	Display	1553
Caacupe One	Display	1554
Metal	Display	1555
Buda	Display	1556
Londrina Sketch	Display	1557
Butcherman	Display	1558
Uchen	Serif	1559
Ranga	Display	1560
Arsenal SC	Sans Serif	1561
Noto Sans Sora Sompeng	Sans Serif	1562
SUSE Mono	Sans Serif	1563
Micro 5	Display	1564
Dr Sugiyama	Handwriting	1565
Love Light	Handwriting	1566
Noto Sans Lao Looped	Sans Serif	1567
Playwrite HR	Handwriting	1568
Oi	Display	1569
Peddana	Serif	1570
Lakki Reddy	Handwriting	1571
Felipa	Handwriting	1573
Hubballi	Sans Serif	1574
Chiron Hei HK	Sans Serif	1575
Ribeye Marrow	Display	1576
Grey Qo	Handwriting	1577
Wellfleet	Serif	1579
Reem Kufi Ink	Sans Serif	1580
Chiron Sung HK	Serif	1581
Chela One	Display	1582
Noto Sans Anatolian Hieroglyphs	Sans Serif	1583
Epunda Sans	Sans Serif	1584
Aref Ruqaa Ink	Serif	1585
Gideon Roman	Display	1586
WDXL Lubrifont SC	Sans Serif	1587
Kedebideri	Sans Serif	1588
Jersey 20	Display	1589
Noto Sans Adlam	Sans Serif	1590
Ancizar Sans	Sans Serif	1591
Bahiana	Display	1592
Bigelow Rules	Display	1593
Kirang Haerang	Display	1594
Syne Tactile	Display	1595
Rubik Iso	Display	1596
Noto Sans Old North Arabian	Sans Serif	1597
Updock	Handwriting	1598
Gidugu	Sans Serif	1599
Edu VIC WA NT Beginner	Handwriting	1600
Bacasime Antique	Serif	1601
Neonderthaw	Handwriting	1602
Bonbon	Handwriting	1603
Stalinist One	Display	1605
TASA Explorer	Sans Serif	1606
Noto Sans Glagolitic	Sans Serif	1607
Rubik Pixels	Display	1608
Revalia	Display	1609
Playwrite US Modern	Handwriting	1611
Noto Rashi Hebrew	Serif	1612
Princess Sofia	Handwriting	1613
Momo Signature	Sans Serif	1614
GFS Neohellenic	Sans Serif	1615
Diplomata SC	Display	1617
Twinkle Star	Handwriting	1618
Passero One	Display	1619
Ponomar	Display	1620
Rubik Distressed	Display	1621
Mr Bedfort	Handwriting	1622
Rubik Gemstones	Display	1623
Foldit	Display	1624
Lancelot	Display	1625
Send Flowers	Handwriting	1626
Playwrite IE	Handwriting	1627
Diphylleia	Serif	1628
Ojuju	Sans Serif	1629
Preahvihear	Sans Serif	1630
Sedan SC	Serif	1631
Kumar One Outline	Display	1632
BioRhyme Expanded	Serif	1633
Noto Sans Tangsa	Sans Serif	1634
Cause	Handwriting	1636
Aubrey	Display	1637
Hanalei Fill	Display	1639
Ubuntu Sans Mono	Monospace	1640
Tiro Telugu	Serif	1641
Alumni Sans Collegiate One	Sans Serif	1643
Inspiration	Handwriting	1644
Playwrite AU QLD	Handwriting	1646
Shizuru	Display	1647
Playwrite DK Loopet	Handwriting	1648
Iansui	Handwriting	1649
Gidole	Sans Serif	1650
Blaka	Display	1651
Menbere	Sans Serif	1652
Cherish	Handwriting	1653
Lunasima	Sans Serif	1654
Mrs Sheppards	Handwriting	1655
Kolker Brush	Handwriting	1656
Triodion	Display	1657
Flavors	Display	1658
Scoutie Sans	Sans Serif	1659
Sixtyfour Convergence	Monospace	1660
Rhodium Libre	Serif	1661
Noto Sans Batak	Sans Serif	1662
Rubik Burned	Display	1663
Konkhmer Sleokchher	Display	1664
Noto Sans Kaithi	Sans Serif	1666
Tsukimi Rounded	Sans Serif	1667
Jacquard 24	Display	1668
Iosevka Charon	Monospace	1669
Sedan	Serif	1670
Rubik Vinyl	Display	1671
Oldenburg	Display	1672
Suravaram	Serif	1673
Bitcount Grid Single	Display	1674
Playwrite RO	Handwriting	1675
Narnoor	Sans Serif	1676
Playwrite GB S	Handwriting	1678
Gveret Levin	Handwriting	1680
Slackside One	Handwriting	1681
Matemasie	Sans Serif	1682
Black And White Picture	Display	1683
Langar	Display	1685
Are You Serious	Handwriting	1686
Amarna	Sans Serif	1687
Molle	Handwriting	1688
Cascadia Mono	Sans Serif	1689
Noto Serif Dives Akuru	Serif	1690
Zen Loop	Display	1691
Noto Sans Mongolian	Sans Serif	1692
Tapestry	Handwriting	1693
Libertinus Mono	Monospace	1694
Estonia	Handwriting	1695
Playwrite PL	Handwriting	1697
Rubik Glitch Pop	Display	1698
Moulpali	Sans Serif	1699
Grechen Fuemen	Handwriting	1700
Trochut	Display	1701
Noto Serif Ethiopic	Serif	1702
Rubik Microbe	Display	1703
Geist Pixel	Display	1704
Noto Sans Pahawh Hmong	Sans Serif	1705
Rubik Puddles	Display	1706
Noto Sans Shavian	Sans Serif	1707
Splash	Handwriting	1710
Kings	Handwriting	1711
Flow Rounded	Display	1712
Noto Sans Cherokee	Sans Serif	1713
Alumni Sans SC	Sans Serif	1714
Rubik 80s Fade	Display	1715
Noto Serif Vithkuqi	Serif	1716
Edu AU VIC WA NT Dots	Handwriting	1717
Lumanosimo	Handwriting	1718
Estedad	Sans Serif	1719
Asimovian	Sans Serif	1721
Playwrite HR Lijeva	Handwriting	1722
Workbench	Monospace	1723
Protest Guerrilla	Display	1724
M PLUS U	Sans Serif	1725
Playwrite CA	Handwriting	1726
Noto Sans Coptic	Sans Serif	1727
Rubik Beastly	Display	1728
Iosevka Charon Mono	Monospace	1729
Tai Heritage Pro	Serif	1731
Kalnia Glaze	Display	1733
Flow Block	Display	1734
Noto Sans Vithkuqi	Sans Serif	1735
Noto Sans Yi	Sans Serif	1736
Annapurna SIL	Serif	1737
Rock 3D	Display	1738
Noto Sans Marchen	Sans Serif	1739
Playwrite HU	Handwriting	1740
Chenla	Display	1741
Moo Lah Lah	Display	1742
Playwrite AT	Handwriting	1743
LXGW Marker Gothic	Sans Serif	1744
Tirra	Sans Serif	1745
Explora	Handwriting	1746
Noto Sans Cypro Minoan	Sans Serif	1747
Noto Sans Nag Mundari	Sans Serif	1748
Gajraj One	Display	1749
WDXL Lubrifont TC	Sans Serif	1750
Playpen Sans Hebrew	Handwriting	1751
Playwrite BE VLG	Handwriting	1752
Playwrite ES	Handwriting	1753
Rubik Marker Hatch	Display	1754
Noto Sans Multani	Sans Serif	1755
Asap Sharp	Sans Serif	1756
Combo	Display	1757
Taprom	Display	1758
Sassy Frass	Handwriting	1760
Alien Block	Display	1761
Parastoo	Serif	1762
Petemoss	Handwriting	1763
Big Shoulders Inline	Display	1764
Geostar	Display	1765
Noto Serif Myanmar	Serif	1766
Noto Serif Balinese	Serif	1768
UoqMunThenKhung	Serif	1769
Noto Sans Sunuwar	Sans Serif	1770
Playwrite DK Uloopet	Handwriting	1771
Redacted Script	Display	1772
Noto Serif Tangut	Serif	1773
Agu Display	Display	1774
Coral Pixels	Display	1775
Noto Sans Hanunoo	Sans Serif	1776
Lilex	Monospace	1777
Edu AU VIC WA NT Guides	Handwriting	1778
Labrada	Serif	1779
Noto Sans Deseret	Sans Serif	1780
Playwrite ZA	Handwriting	1781
Noto Sans NKo	Sans Serif	1782
BBH Bogle	Sans Serif	1783
Noto Sans Carian	Sans Serif	1784
Ruge Boogie	Handwriting	1785
Linefont	Display	1786
Noto Sans Syriac	Sans Serif	1788
Snowburst One	Display	1789
Noto Sans Runic	Sans Serif	1791
Noto Sans Takri	Sans Serif	1792
Noto Sans Old Permic	Sans Serif	1795
Savate	Sans Serif	1796
Noto Serif Toto	Serif	1797
Noto Sans Osmanya	Sans Serif	1798
Noto Sans Vai	Sans Serif	1799
Finlandica Text	Sans Serif	1800
Tagesschrift	Display	1802
Danfo	Serif	1803
Playwrite MX Guides	Handwriting	1804
Ingrid Darling	Handwriting	1805
Noto Sans Old Italic	Sans Serif	1806
Noto Sans Pau Cin Hau	Sans Serif	1808
Rubik Broken Fax	Display	1810
Playpen Sans Deva	Handwriting	1811
M PLUS Code Latin	Sans Serif	1812
Phetsarath	Sans Serif	1813
Noto Serif Dogra	Serif	1814
Noto Sans Syloti Nagri	Sans Serif	1815
Noto Sans Indic Siyaq Numbers	Sans Serif	1816
Bahianita	Display	1817
Hibur Mono	Monospace	1818
Epunda Slab	Serif	1820
Playwrite NZ Basic	Handwriting	1821
Playwrite DE SAS	Handwriting	1822
Noto Sans Balinese	Sans Serif	1823
Moirai One	Display	1824
Noto Sans Syriac Eastern	Sans Serif	1825
Ole	Handwriting	1826
Noto Sans Khojki	Sans Serif	1827
Lisu Bosa	Serif	1828
Grandiflora One	Serif	1829
Noto Serif Gurmukhi	Serif	1830
Playwrite NL	Handwriting	1831
Palette Mosaic	Display	1832
Playwrite GB J	Handwriting	1833
Miranda Sans	Sans Serif	1834
Bitcount Prop Double Ink	Display	1835
Noto Sans Nandinagari	Sans Serif	1837
Libertinus Serif Display	Display	1838
Noto Sans Egyptian Hieroglyphs	Sans Serif	1839
Bpmf Huninn	Sans Serif	1840
Bytesized	Sans Serif	1841
Geomini	Sans Serif	1842
Playwrite IT Moderna	Handwriting	1843
Noto Sans Adlam Unjoined	Sans Serif	1844
Ga Maamli	Display	1845
Noto Serif Yezidi	Serif	1846
Mingzat	Sans Serif	1847
Winky Rough	Sans Serif	1848
Rubik Doodle Triangles	Display	1850
Chokokutai	Display	1851
Noto Traditional Nushu	Sans Serif	1852
Noto Sans Old Hungarian	Sans Serif	1853
Noto Sans Grantha	Sans Serif	1854
Karla Tamil Inclined	Sans Serif	1855
Playwrite PT	Handwriting	1856
Jaini	Display	1857
Playpen Sans Thai	Handwriting	1858
Edu SA Hand	Handwriting	1860
Hanalei	Display	1861
Playwrite FR Moderne	Handwriting	1862
Edu QLD Beginner	Handwriting	1863
Noto Sans Old Turkic	Sans Serif	1864
Rubik Maze	Display	1865
Noto Serif Oriya	Serif	1866
Noto Sans Mahajani	Sans Serif	1867
Playwrite MX	Handwriting	1868
Bitcount	Display	1869
Noto Sans Tifinagh	Sans Serif	1870
Rubik Maps	Display	1871
Playwrite AU TAS	Handwriting	1872
Shafarik	Display	1873
Noto Serif Khitan Small Script	Serif	1874
Puppies Play	Handwriting	1875
Yuyu Short	Handwriting	1876
Finlandica Headline	Sans Serif	1877
Namdhinggo	Serif	1880
Noto Sans Duployan	Sans Serif	1881
Noto Sans Bamum	Sans Serif	1882
Ponnala	Display	1883
Noto Sans Medefaidrin	Sans Serif	1884
Noto Sans Avestan	Sans Serif	1885
Noto Sans Cham	Sans Serif	1887
Noto Serif Makasar	Serif	1888
Jaini Purva	Display	1889
Montenegrin Gothic One	Serif	1890
Noto Sans Cuneiform	Sans Serif	1891
Noto Sans Tai Le	Sans Serif	1892
Allkin	Display	1893
Noto Sans Lisu	Sans Serif	1894
Noto Sans Osage	Sans Serif	1895
Pochaevsk	Display	1897
Exile	Display	1898
Playwrite AR	Handwriting	1899
Edu AU VIC WA NT Pre	Handwriting	1900
Karla Tamil Upright	Sans Serif	1901
Noto Serif NP Hmong	Serif	1902
Sirivennela	Sans Serif	1903
Warnes	Display	1905
Datatype	Monospace	1906
Noto Sans Cypriot	Sans Serif	1907
Playwrite NG Modern	Handwriting	1908
Rubik Storm	Display	1909
Tuffy	Sans Serif	1910
Saira Stencil	Display	1911
Noto Sans Lydian	Sans Serif	1912
Playwrite DE LA	Handwriting	1913
Noto Sans Elbasan	Sans Serif	1914
Playwrite NZ	Handwriting	1915
Noto Sans Nabataean	Sans Serif	1916
Yuyu	Handwriting	1917
Playwrite SK	Handwriting	1918
Noto Serif Todhri	Serif	1919
Noto Sans Wancho	Sans Serif	1920
Playwrite CZ	Handwriting	1921
Playwrite BE WAL	Handwriting	1922
Blaka Ink	Display	1923
Noto Sans Tagbanwa	Sans Serif	1924
Noto Znamenny Musical Notation	Sans Serif	1926
Yuji Hentaigana Akari	Handwriting	1927
Hind Mysuru	Sans Serif	1928
Edu VIC WA NT Hand	Handwriting	1929
Maname	Serif	1930
Noto Sans Meroitic	Sans Serif	1931
Sankofa Display	Sans Serif	1933
Rubik Lines	Display	1934
Bpmf Zihi Kai Std	Sans Serif	1935
Playwrite AU VIC	Handwriting	1937
Noto Sans Old Persian	Sans Serif	1938
BJCree	Serif	1939
Noto Serif Ottoman Siyaq	Serif	1941
Wavefont	Display	1942
Edu AU VIC WA NT Arrows	Handwriting	1943
Bitcount Single Ink	Display	1945
Noto Sans NKo Unjoined	Sans Serif	1946
Noto Sans Inscriptional Pahlavi	Sans Serif	1947
Noto Sans Hanifi Rohingya	Sans Serif	1948
Noto Sans Newa	Sans Serif	1949
Blaka Hollow	Display	1950
Noto Sans Siddham	Sans Serif	1951
Bitcount Prop Double	Display	1952
Libertinus Keyboard	Display	1953
Matangi	Sans Serif	1954
Noto Serif Hentaigana	Serif	1955
Noto Sans Inscriptional Parthian	Sans Serif	1956
Noto Sans Palmyrene	Sans Serif	1958
Playwrite TZ	Handwriting	1959
Padyakke Expanded One	Serif	1960
Noto Serif Grantha	Serif	1961
Jacquard 12 Charted	Display	1962
Edu NSW ACT Hand Pre	Handwriting	1964
Ramsina	Serif	1965
Kay Pho Du	Serif	1966
Noto Sans Imperial Aramaic	Sans Serif	1967
Playwrite CU Guides	Handwriting	1968
Noto Sans Elymaic	Sans Serif	1969
Noto Sans Brahmi	Sans Serif	1971
Playwrite CO	Handwriting	1972
Edu QLD Hand	Handwriting	1973
Noto Sans Miao	Sans Serif	1974
Noto Sans Old South Arabian	Sans Serif	1975
Noto Sans Zanabazar Square	Sans Serif	1976
Noto Sans Sharada	Sans Serif	1977
Noto Sans Kawi	Sans Serif	1978
Yarndings 20 Charted	Display	1979
Noto Sans Ugaritic	Sans Serif	1980
Playwrite US Trad Guides	Handwriting	1981
Playwrite BR Guides	Handwriting	1982
Playwrite CO Guides	Handwriting	1983
Jersey 10 Charted	Display	1984
Noto Sans Buginese	Sans Serif	1987
Noto Sans Chakma	Sans Serif	1988
Noto Sans Tai Tham	Sans Serif	1989
Bitcount Grid Single Ink	Display	1990
Noto Sans Mayan Numerals	Sans Serif	1991
Bpmf Iansui	Handwriting	1992
Jersey 25 Charted	Display	1993
Betania Patmos	Handwriting	1994
Jacquard 24 Charted	Display	1997
Strichpunkt Sans	Sans Serif	1999
Noto Sans Caucasian Albanian	Sans Serif	2000
Noto Sans Sogdian	Sans Serif	2001
Bitcount Grid Double Ink	Display	2003
Noto Sans Rejang	Sans Serif	2004
Noto Sans Linear B	Sans Serif	2005
Noto Serif Old Uyghur	Serif	2006
Bitcount Prop Single Ink	Display	2007
Jersey 15 Charted	Display	2008
Noto Sans Tirhuta	Sans Serif	2009
Micro 5 Charted	Display	2010
Playwrite PE	Handwriting	2011
Playwrite BE WAL Guides	Handwriting	2012
Noto Sans Syriac Western	Sans Serif	2014
Noto Sans Bassa Vah	Sans Serif	2015
Playwrite AU VIC Guides	Handwriting	2016
Noto Sans New Tai Lue	Sans Serif	2017
Noto Sans Phoenician	Sans Serif	2018
Playwrite ID	Handwriting	2020
Playwrite ES Deco	Handwriting	2022
Noto Sans SignWriting	Sans Serif	2023
Playwrite NZ Guides	Handwriting	2024
Playwrite DE SAS Guides	Handwriting	2025
Kanchenjunga	Sans Serif	2026
Playwrite PL Guides	Handwriting	2027
Playwrite BR	Handwriting	2028
Edu VIC WA NT Hand Pre	Handwriting	2029
Bitcount Ink	Display	2030
Noto Sans Tamil Supplement	Sans Serif	2031
Betania Patmos In	Handwriting	2032
Noto Sans Mro	Sans Serif	2033
Noto Sans Mandaic	Sans Serif	2034
Noto Sans Khudawadi	Sans Serif	2035
Playwrite CL	Handwriting	2036
Noto Sans Hatran	Sans Serif	2037
Noto Sans Limbu	Sans Serif	2038
Noto Sans Masaram Gondi	Sans Serif	2039
Noto Sans Ogham	Sans Serif	2040
Betania Patmos In GDL	Handwriting	2041
Yuji Hentaigana Akebono	Handwriting	2042
Noto Sans Gunjala Gondi	Sans Serif	2043
Jersey 20 Charted	Display	2044
Noto Sans Psalter Pahlavi	Sans Serif	2045
Noto Sans Soyombo	Sans Serif	2046
Playwrite DE LA Guides	Handwriting	2047
Playwrite GB J Guides	Handwriting	2048
Betania Patmos GDL	Handwriting	2049
Noto Sans PhagsPa	Sans Serif	2050
Noto Sans Chorasmian	Sans Serif	2051
Jacquarda Bastarda 9 Charted	Display	2052
Playwrite NZ Basic Guides	Handwriting	2053
Noto Sans Kayah Li	Sans Serif	2054
Noto Sans Old Sogdian	Sans Serif	2055
Playwrite DE VA	Handwriting	2056
Noto Sans Manichaean	Sans Serif	2057
Noto Sans Nushu	Sans Serif	2058
Noto Sans Modi	Sans Serif	2059
Playwrite PT Guides	Handwriting	2060
Noto Sans Kharoshthi	Sans Serif	2061
Noto Sans Lepcha	Sans Serif	2062
Playwrite FR Trad	Handwriting	2065
Playwrite PE Guides	Handwriting	2066
Playwrite DE Grund Guides	Handwriting	2067
Playwrite GB S Guides	Handwriting	2068
Yarndings 20	Display	2069
Noto Sans Lycian	Sans Serif	2071
Playwrite IT Trad	Handwriting	2072
Yarndings 12 Charted	Display	2073
Yarndings 12	Display	2074
Playwrite TZ Guides	Handwriting	2075
Playwrite IN Guides	Handwriting	2077
Playwrite IE Guides	Handwriting	2078
Playwrite DK Uloopet Guides	Handwriting	2079
Playwrite DE VA Guides	Handwriting	2081
Playwrite FR Moderne Guides	Handwriting	2082
Playwrite AR Guides	Handwriting	2083
Playwrite ES Deco Guides	Handwriting	2084
Playwrite IT Moderna Guides	Handwriting	2085
Playwrite AU SA Guides	Handwriting	2087
Playwrite FR Trad Guides	Handwriting	2088
Playwrite CA Guides	Handwriting	2089
Playwrite IT Trad Guides	Handwriting	2090
Playwrite US Modern Guides	Handwriting	2093
Playwrite AU QLD Guides	Handwriting	2094
Playwrite CL Guides	Handwriting	2096
Playwrite AT Guides	Handwriting	2097
Playwrite HR Lijeva Guides	Handwriting	2098
Playwrite HU Guides	Handwriting	2099
Playwrite AU NSW Guides	Handwriting	2100
Playwrite AU TAS Guides	Handwriting	2101
Playwrite ZA Guides	Handwriting	2102
Playwrite DK Loopet Guides	Handwriting	2103
Playwrite ES Guides	Handwriting	2104
Playwrite ID Guides	Handwriting	2105
Playwrite NG Modern Guides	Handwriting	2106
Playwrite NL Guides	Handwriting	2108
Playwrite CZ Guides	Handwriting	2109
Playwrite NO Guides	Handwriting	2110
Playwrite RO Guides	Handwriting	2111
Playwrite SK Guides	Handwriting	2112
Playwrite BE VLG Guides	Handwriting	2114
Playwrite IS Guides	Handwriting	2115
Playwrite HR Guides	Handwriting	2117
